date,temperature
2020-01-01,13.739893586209687
2020-01-02,12.302072473931322
2020-01-03,17.667303923707514
2020-01-04,15.29064472306319
2020-01-05,10.99444995966548
2020-01-06,18.703109196822062
2020-01-07,15.252767266585497
2020-01-08,21.56320785328008
2020-01-09,21.52473775747376
2020-01-10,10.49947831424544
2020-01-11,13.154191750455425
2020-01-12,18.132248486113735
2020-01-13,14.798903782939398
2020-01-14,16.057980610808055
2020-01-15,14.681587154212465
2020-01-16,17.347575146424184
2020-01-17,14.958806708314789
2020-01-18,19.880577155154732
2020-01-19,13.444484557332823
2020-01-20,14.85919168988007
2020-01-21,22.81437110854231
2020-01-22,20.49998204045489
2020-01-23,24.21351883461717
2020-01-24,23.73182479458164
2020-01-25,19.85981926931696
2020-01-26,22.063638159445986
2020-01-27,21.401748659231327
2020-01-28,15.464946676242947
2020-01-29,19.250935630380418
2020-01-30,20.890168054946415
2020-01-31,18.183034918234238
2020-02-01,19.803366601110056
2020-02-02,18.93721114045652
2020-02-03,18.240244506568754
2020-02-04,19.83771432076516
2020-02-05,20.883443301388343
2020-02-06,18.527321053569796
2020-02-07,21.466656716222815
2020-02-08,23.54107279491031
2020-02-09,20.381855750911317
2020-02-10,21.016594052258128
2020-02-11,19.102080535745323
2020-02-12,26.132016562867705
2020-02-13,25.704731556849616
2020-02-14,20.29109981604455
2020-02-15,26.45268968623281
2020-02-16,22.660548583562395
2020-02-17,23.29527236717969
2020-02-18,24.92020414712288
2020-02-19,24.953527440513277
2020-02-20,19.043255964371173
2020-02-21,24.578220145457234
2020-02-22,24.82773957370442
2020-02-23,25.272739675693824
2020-02-24,21.92619003683545
2020-02-25,26.022034892998487
2020-02-26,23.219085825318395
2020-02-27,25.41892428778336
2020-02-28,24.055926046492726
2020-02-29,18.534378376000582
2020-03-01,25.22340959300086
2020-03-02,24.27959129313854
2020-03-03,19.41634632207273
2020-03-04,19.490613401623598
2020-03-05,21.54142220605275
2020-03-06,24.675586909424656
2020-03-07,30.281930978415986
2020-03-08,23.85813185930033
2020-03-09,23.271741038161935
2020-03-10,26.11458683625453
2020-03-11,25.566241628655
2020-03-12,22.756991474387576
2020-03-13,22.41856128302232
2020-03-14,25.5320357189608
2020-03-15,24.376323180367237
2020-03-16,21.3984320690603
2020-03-17,18.325457145015818
2020-03-18,27.356154787923213
2020-03-19,20.005113887882267
2020-03-20,27.005853278165148
2020-03-21,21.384156986629726
2020-03-22,20.92418028189158
2020-03-23,25.966141333378605
2020-03-24,28.72160960727671
2020-03-25,26.6591506751125
2020-03-26,25.361964200499933
2020-03-27,31.099504816368242
2020-03-28,26.872164892489813
2020-03-29,20.063882365787673
2020-03-30,22.811514571557318
2020-03-31,25.17555773846539
2020-04-01,29.069506854547228
2020-04-02,24.150134674329905
2020-04-03,20.50329010984997
2020-04-04,25.92325403600543
2020-04-05,24.003190706019055
2020-04-06,22.95443760873053
2020-04-07,25.350359790407357
2020-04-08,30.9286241955792
2020-04-09,22.134252612279006
2020-04-10,24.804476534171144
2020-04-11,23.670243532687916
2020-04-12,22.259526470693867
2020-04-13,24.238865000844942
2020-04-14,24.41470550042824
2020-04-15,23.02868491100243
2020-04-16,28.398359407086723
2020-04-17,23.258452401593352
2020-04-18,23.23870373800715
2020-04-19,29.633139322985397
2020-04-20,29.1927933207234
2020-04-21,19.691233736307648
2020-04-22,24.483153500813486
2020-04-23,25.1172042847532
2020-04-24,24.73258718506433
2020-04-25,28.40371155643824
2020-04-26,24.43501409142265
2020-04-27,26.991184731500557
2020-04-28,31.41370084754057
2020-04-29,20.63326848265214
2020-04-30,22.361957774740752
2020-05-01,22.354732132004138
2020-05-02,23.13848293931016
2020-05-03,22.783094370688627
2020-05-04,21.078742407604825
2020-05-05,23.845181671200812
2020-05-06,21.267938287866105
2020-05-07,19.76424203299633
2020-05-08,24.948766366793595
2020-05-09,22.013089361349277
2020-05-10,24.623482717247104
2020-05-11,28.42725910509065
2020-05-12,22.012588135162
2020-05-13,28.460060139385234
2020-05-14,22.565227909508444
2020-05-15,22.985988576866117
2020-05-16,24.623176976273957
2020-05-17,21.77639632743263
2020-05-18,19.78165282253839
2020-05-19,22.288255882371903
2020-05-20,22.86026611116368
2020-05-21,22.56393871131197
2020-05-22,21.613778264737682
2020-05-23,21.505978985006994
2020-05-24,26.624148701852697
2020-05-25,19.279901833570673
2020-05-26,24.1111327291056
2020-05-27,22.75566866137516
2020-05-28,18.294275000830005
2020-05-29,16.966215875522508
2020-05-30,25.14934245048687
2020-05-31,22.348632763656294
2020-06-01,23.204105796020002
2020-06-02,15.591748525354312
2020-06-03,23.729847690735323
2020-06-04,19.223355870560415
2020-06-05,22.62817105066969
2020-06-06,19.042823963290758
2020-06-07,14.32218558277025
2020-06-08,18.290586529868353
2020-06-09,17.312269078686718
2020-06-10,16.47953098533532
2020-06-11,19.656765386400526
2020-06-12,18.413360937822496
2020-06-13,21.500991233552746
2020-06-14,22.845041779199548
2020-06-15,23.656461531554374
2020-06-16,17.989960060073475
2020-06-17,13.94721506721941
2020-06-18,14.918659599258623
2020-06-19,21.11544440196152
2020-06-20,14.328674605604375
2020-06-21,18.83944649587529
2020-06-22,11.226809604024735
2020-06-23,17.04356804084505
2020-06-24,20.322004609458077
2020-06-25,16.58259616619282
2020-06-26,14.080410143171505
2020-06-27,15.780095373577456
2020-06-28,14.884974257407187
2020-06-29,19.715859677614304
2020-06-30,17.251945860045566
2020-07-01,14.1767385486595
2020-07-02,14.783899601755294
2020-07-03,22.520124170743728
2020-07-04,16.877251030733365
2020-07-05,18.39832028699086
2020-07-06,17.88664673653658
2020-07-07,16.49438941516756
2020-07-08,13.367442178087597
2020-07-09,16.72713945948782
2020-07-10,11.395510674176197
2020-07-11,7.670316489510322
2020-07-12,16.096899923325395
2020-07-13,12.531124522869355
2020-07-14,9.617736146454765
2020-07-15,13.512669364275716
2020-07-16,15.399050848804592
2020-07-17,13.709256819739927
2020-07-18,12.63292522204751
2020-07-19,21.258042931897013
2020-07-20,14.802283020095444
2020-07-21,8.604191559689898
2020-07-22,9.5001246454977
2020-07-23,14.157461340109528
2020-07-24,8.705078239269728
2020-07-25,8.371453366282834
2020-07-26,13.864131001705045
2020-07-27,7.092561384913093
2020-07-28,8.274985823378374
2020-07-29,7.7798795110080565
2020-07-30,9.530292055222022
2020-07-31,11.426831222599116
2020-08-01,11.77993406449143
2020-08-02,5.8524501170136976
2020-08-03,17.88897695263885
2020-08-04,9.449449047264867
2020-08-05,14.475014478072463
2020-08-06,5.4071779433844185
2020-08-07,10.740855857042472
2020-08-08,7.251397367744865
2020-08-09,4.644430206987882
2020-08-10,7.443250210204965
2020-08-11,7.704632072280173
2020-08-12,8.955597274366884
2020-08-13,4.303385166592493
2020-08-14,14.031067938270239
2020-08-15,10.3309095650676
2020-08-16,1.6132316666463833
2020-08-17,3.377979395200862
2020-08-18,3.1561322252504462
2020-08-19,11.72630111943036
2020-08-20,7.742835513462961
2020-08-21,5.390957709919437
2020-08-22,6.572489571781534
2020-08-23,12.103098007615142
2020-08-24,4.608012908358019
2020-08-25,7.76785237908757
2020-08-26,9.706582526818996
2020-08-27,7.2706790447614384
2020-08-28,5.967899271397135
2020-08-29,2.4160969236997882
2020-08-30,0.2076216404568969
2020-08-31,2.9579791107669076
2020-09-01,9.423342880693639
2020-09-02,4.286656713883183
2020-09-03,8.441738127766799
2020-09-04,5.047647278528312
2020-09-05,1.9248613911603227
2020-09-06,9.264241711233922
2020-09-07,4.093832489426311
2020-09-08,4.646647973820979
2020-09-09,7.123424260819512
2020-09-10,8.99542464260902
2020-09-11,8.526133424751919
2020-09-12,4.721037980894398
2020-09-13,5.5146339266398146
2020-09-14,5.93952539011249
2020-09-15,2.4307226293258046
2020-09-16,10.084111381957936
2020-09-17,6.278065420186128
2020-09-18,6.001505887236671
2020-09-19,6.959037502445927
2020-09-20,8.697096631499852
2020-09-21,0.1863421751536789
2020-09-22,10.367904629096554
2020-09-23,4.169465252923066
2020-09-24,7.051946740844749
2020-09-25,5.181070651358729
2020-09-26,5.550367931745942
2020-09-27,8.209513862407462
2020-09-28,9.018424817240493
2020-09-29,8.93983460753164
2020-09-30,5.989687482046468
2020-10-01,7.463683528789612
2020-10-02,1.112596546418409
2020-10-03,3.535474642531289
2020-10-04,2.389378570339927
2020-10-05,3.5697976998300365
2020-10-06,12.152480156470833
2020-10-07,3.6123786837774796
2020-10-08,1.7149031571592581
2020-10-09,5.967228551757765
2020-10-10,5.320431287079242
2020-10-11,4.109966356546804
2020-10-12,5.6738723092329435
2020-10-13,4.2605084006451746
2020-10-14,6.017283884310393
2020-10-15,11.762769198300731
2020-10-16,5.144939055338321
2020-10-17,4.802207586691584
2020-10-18,5.726126577971689
2020-10-19,5.362595740185157
2020-10-20,2.5739691842635164
2020-10-21,5.530738713602496
2020-10-22,5.024226519538903
2020-10-23,8.135884858022385
2020-10-24,7.194526238467135
2020-10-25,11.95525506000835
2020-10-26,13.984910342490284
2020-10-27,3.913990272155992
2020-10-28,3.377229417621323
2020-10-29,1.1890955924369804
2020-10-30,9.271687205497514
2020-10-31,7.213148913403405
2020-11-01,8.547781264551473
2020-11-02,2.5521806993913287
2020-11-03,12.385042513595597
2020-11-04,7.38133071046249
2020-11-05,9.75429991487522
2020-11-06,8.745121683929824
2020-11-07,3.8883182418534075
2020-11-08,6.273809600793038
2020-11-09,7.840201762420396
2020-11-10,11.572991716597123
2020-11-11,2.69781674579555
2020-11-12,6.987368403850877
2020-11-13,6.940751098620341
2020-11-14,11.182702984081775
2020-11-15,7.280343781154382
2020-11-16,13.595751424923463
2020-11-17,6.583421953396326
2020-11-18,8.593394700321545
2020-11-19,4.870178923259693
2020-11-20,10.40572767089327
2020-11-21,11.575133181798423
2020-11-22,14.604310503119885
2020-11-23,3.5282993222304917
2020-11-24,12.892874500626483
2020-11-25,11.900611242176335
2020-11-26,11.636454232270827
2020-11-27,7.7902465262925995
2020-11-28,5.1312788005276495
2020-11-29,11.626806130157004
2020-11-30,10.409378465543401
2020-12-01,11.763514897876748
2020-12-02,8.45846822924043
2020-12-03,13.81684824078562
2020-12-04,13.475343479002426
2020-12-05,14.188006783355032
2020-12-06,13.601612946467482
2020-12-07,12.933574988371857
2020-12-08,10.0275915363206
2020-12-09,13.466288292972196
2020-12-10,12.389286725768457
2020-12-11,18.191830668228825
2020-12-12,13.684415823834037
2020-12-13,12.2300923149777
2020-12-14,11.269152980274246
2020-12-15,10.835319329515059
2020-12-16,13.862324500011852
2020-12-17,16.45922944599325
2020-12-18,11.478102993047768
2020-12-19,14.227031978506329
2020-12-20,15.01861486475911
2020-12-21,10.050982820634136
2020-12-22,7.645916965712637
2020-12-23,14.979998115043907
2020-12-24,18.311221759158244
2020-12-25,15.373064916654489
2020-12-26,15.276706081688623
2020-12-27,21.86228578565322
2020-12-28,15.429521996966733
2020-12-29,19.474149834640215
2020-12-30,17.015228888968892
2020-12-31,13.74220499713673
2021-01-01,13.662410469777392
2021-01-02,15.12029614305457
2021-01-03,8.876341940925865
2021-01-04,13.067455739304076
2021-01-05,16.920610145900262
2021-01-06,13.084730770448786
2021-01-07,10.729309262691304
2021-01-08,16.22286834255076
2021-01-09,17.22640610840587
2021-01-10,12.478074079911732
2021-01-11,19.682811407694214
2021-01-12,18.276349176713197
2021-01-13,19.99117116258663
2021-01-14,22.788311199769616
2021-01-15,11.779015555836208
2021-01-16,20.620598002158168
2021-01-17,21.667336369074885
2021-01-18,21.820811824602043
2021-01-19,17.889717157863892
2021-01-20,17.001418075810392
2021-01-21,22.76099635785513
2021-01-22,18.805429305974204
2021-01-23,22.65405228793755
2021-01-24,23.369305070348677
2021-01-25,15.772754037224562
2021-01-26,20.427094322925413
2021-01-27,13.153732276690642
2021-01-28,21.570409987674054
2021-01-29,14.587630363291554
2021-01-30,22.259145795363594
2021-01-31,19.338839805819507
2021-02-01,19.056600705243845
2021-02-02,16.29255267133041
2021-02-03,23.112758745830263
2021-02-04,19.3753266247402
2021-02-05,20.99630231561057
2021-02-06,17.90440030830144
2021-02-07,22.227761050558108
2021-02-08,22.032907439976736
2021-02-09,27.39619365505959
2021-02-10,23.93556027808983
2021-02-11,20.439098084956484
2021-02-12,24.681597918549947
2021-02-13,15.410234863293764
2021-02-14,23.11802672151637
2021-02-15,17.18107403366768
2021-02-16,23.070403084021102
2021-02-17,26.804453220205176
2021-02-18,24.44209254357389
2021-02-19,21.404873256014326
2021-02-20,20.905693756292155
2021-02-21,24.23135569144906
2021-02-22,18.924668295835076
2021-02-23,23.111852162208194
2021-02-24,25.712570109891974
2021-02-25,27.313488679015165
2021-02-26,21.78945831338919
2021-02-27,24.172606378154647
2021-02-28,21.04344598707012
2021-03-01,21.024720374000342
2021-03-02,24.578449435594894
2021-03-03,20.872062291375272
2021-03-04,23.128673221456655
2021-03-05,22.332143480759765
2021-03-06,26.779169856485957
2021-03-07,23.412182642548043
2021-03-08,25.062122232443382
2021-03-09,25.234593769510465
2021-03-10,28.4731378916373
2021-03-11,22.823471925185675
2021-03-12,31.632929529000727
2021-03-13,25.710862866744193
2021-03-14,25.236224117837462
2021-03-15,26.776012950809356
2021-03-16,23.154315992070273
2021-03-17,23.107971490105662
2021-03-18,22.89448880607884
2021-03-19,26.252095838173382
2021-03-20,26.12049795732219
2021-03-21,27.351568467723915
2021-03-22,25.660402565859957
2021-03-23,26.29550594414869
2021-03-24,25.83578362487427
2021-03-25,24.96795624647828
2021-03-26,24.333452694253495
2021-03-27,27.787357875694553
2021-03-28,24.02918388950562
2021-03-29,21.88944145793592
2021-03-30,23.396785059052974
2021-03-31,24.392657428073893
2021-04-01,27.00744391846998
2021-04-02,29.288205071757957
2021-04-03,23.979350326832545
2021-04-04,22.145235908796273
2021-04-05,22.740537743571213
2021-04-06,25.60208081287329
2021-04-07,22.96416932712701
2021-04-08,22.26537183706471
2021-04-09,27.022555896370598
2021-04-10,27.54241170175582
2021-04-11,21.814368758951726
2021-04-12,24.84782957581414
2021-04-13,19.65811637727145
2021-04-14,16.744581574797735
2021-04-15,22.04374384230615
2021-04-16,25.959760406271638
2021-04-17,24.069980317873945
2021-04-18,22.397865842731903
2021-04-19,26.88576074764558
2021-04-20,24.122119572204888
2021-04-21,21.110445827152823
2021-04-22,21.766903593658267
2021-04-23,21.936323903760222
2021-04-24,23.596713223267283
2021-04-25,22.88555151529636
2021-04-26,22.555965536674304
2021-04-27,23.00679470097709
2021-04-28,23.399571207169327
2021-04-29,29.22808116436244
2021-04-30,19.53324408946314
2021-05-01,23.824913267808864
2021-05-02,27.58740879314459
2021-05-03,26.780439511196413
2021-05-04,20.375125278193252
2021-05-05,26.626159829729616
2021-05-06,25.849280397330364
2021-05-07,29.86765555355068
2021-05-08,21.055241033893076
2021-05-09,22.93507774923984
2021-05-10,21.915206025227555
2021-05-11,26.851948006876054
2021-05-12,24.33476329573076
2021-05-13,26.04003647407017
2021-05-14,21.55592766392787
2021-05-15,26.755495805305745
2021-05-16,21.857112180665638
2021-05-17,21.40618239588921
2021-05-18,21.51794601894632
2021-05-19,24.641036732747608
2021-05-20,27.618301214792027
2021-05-21,26.834898796050258
2021-05-22,26.1221470912959
2021-05-23,22.08430696753733
2021-05-24,18.975602829681282
2021-05-25,21.80450376653192
2021-05-26,30.556437800317948
2021-05-27,22.842955336605367
2021-05-28,27.70843847264187
2021-05-29,23.439234681606266
2021-05-30,22.106446392776874
2021-05-31,20.64545305836785
2021-06-01,22.451948143617546
2021-06-02,22.40942410475763
2021-06-03,18.654321003856577
2021-06-04,23.28344812570105
2021-06-05,21.518702597016865
2021-06-06,25.33722169291061
2021-06-07,23.812399948467892
2021-06-08,20.365028726673213
2021-06-09,22.170805254697814
2021-06-10,20.181530840052176
2021-06-11,21.22921073511153
2021-06-12,23.010327541921182
2021-06-13,13.846432838633064
2021-06-14,15.744967927805922
2021-06-15,19.234256061348525
2021-06-16,20.600180617914745
2021-06-17,16.512158755189695
2021-06-18,14.620361361863411
2021-06-19,22.343253288459884
2021-06-20,11.128224343331354
2021-06-21,16.722707734103448
2021-06-22,16.397428135766418
2021-06-23,8.919578385896028
2021-06-24,10.656345041966267
2021-06-25,18.047285636274808
2021-06-26,16.020005656558183
2021-06-27,20.46102173035539
2021-06-28,16.875862957669945
2021-06-29,15.204807238306449
2021-06-30,13.199139326162092
2021-07-01,17.06828209575457
2021-07-02,15.538135769267619
2021-07-03,11.506709853546788
2021-07-04,16.57074971707032
2021-07-05,16.543101140005067
2021-07-06,12.243522001851973
2021-07-07,9.705723075283847
2021-07-08,14.8763607412474
2021-07-09,12.639291883505077
2021-07-10,13.617262434493057
2021-07-11,11.729034455607419
2021-07-12,16.993294200956832
2021-07-13,14.81596376138075
2021-07-14,13.268211467603985
2021-07-15,10.759843300811815
2021-07-16,15.945657611316282
2021-07-17,16.567695938382634
2021-07-18,12.663805897518431
2021-07-19,12.688613132287026
2021-07-20,9.663727440548794
2021-07-21,12.615493880748748
2021-07-22,9.391126079209283
2021-07-23,14.827873944824788
2021-07-24,11.481915870125924
2021-07-25,10.74639610336404
2021-07-26,6.8033209929465785
2021-07-27,20.287187566174133
2021-07-28,11.2731699336811
2021-07-29,11.629103984411888
2021-07-30,10.333347103676033
2021-07-31,11.26910399013138
2021-08-01,11.463610979942866
2021-08-02,15.055338544548283
2021-08-03,12.642913590049751
2021-08-04,9.938649736139899
2021-08-05,12.920133291244113
2021-08-06,7.590929166025292
2021-08-07,11.810146068997897
2021-08-08,11.147596562079586
2021-08-09,5.510784864072534
2021-08-10,11.263052863083555
2021-08-11,10.54948500619911
2021-08-12,12.000094753664339
2021-08-13,0.8105000400418767
2021-08-14,7.208116966799021
2021-08-15,14.890068124360969
2021-08-16,6.557399565637508
2021-08-17,8.331970760622808
2021-08-18,7.2699812078916635
2021-08-19,10.096557752722775
2021-08-20,4.194538962594013
2021-08-21,12.336572794178046
2021-08-22,8.482856029329724
2021-08-23,7.1361377530087395
2021-08-24,13.890656231740703
2021-08-25,6.506864921511217
2021-08-26,5.054799818341532
2021-08-27,8.99723871931907
2021-08-28,6.084226244001858
2021-08-29,3.5503002499212712
2021-08-30,9.52895965828571
2021-08-31,5.958401494807538
2021-09-01,8.571817843282258
2021-09-02,12.153938787641543
2021-09-03,5.396991757653638
2021-09-04,8.977318408478794
2021-09-05,8.966299140781489
2021-09-06,7.154715229690407
2021-09-07,7.946135731483846
2021-09-08,11.486137877385861
2021-09-09,10.888144053424545
2021-09-10,6.574352303317364
2021-09-11,3.7182981394742223
2021-09-12,6.005354047086448
2021-09-13,2.4286493165413376
2021-09-14,10.964652895066354
2021-09-15,5.3236250355279
2021-09-16,5.427605856735905
2021-09-17,3.401347690511834
2021-09-18,3.593521192041382
2021-09-19,8.007095284326507
2021-09-20,9.98994297042044
2021-09-21,9.130410516298916
2021-09-22,5.149659935032576
2021-09-23,6.0249386259883115
2021-09-24,0.11056424807898413
2021-09-25,1.7532861444054015
2021-09-26,6.888078207757561
2021-09-27,5.300773832479585
2021-09-28,5.05532037705434
2021-09-29,5.499470976173247
2021-09-30,4.132889974642258
2021-10-01,3.8025344666706493
2021-10-02,3.203027961322679
2021-10-03,5.06205482233623
2021-10-04,6.727350545746386
2021-10-05,4.611898380739152
2021-10-06,5.916028055953323
2021-10-07,7.437525269584952
2021-10-08,13.673079737456849
2021-10-09,7.73535009964521
2021-10-10,3.1078166413222554
2021-10-11,8.528630796081336
2021-10-12,4.306893760750247
2021-10-13,2.142099672264206
2021-10-14,9.206263135685568
2021-10-15,3.4534864800559673
2021-10-16,4.191452044669876
2021-10-17,-2.23646753147697
2021-10-18,12.757647599198659
2021-10-19,4.264004740974377
2021-10-20,4.647308395222065
2021-10-21,6.97308796285394
2021-10-22,9.504041801085922
2021-10-23,5.992043914138764
2021-10-24,3.9974668056430898
2021-10-25,7.53137890981978
2021-10-26,-1.725687845202839
2021-10-27,7.960879988816275
2021-10-28,12.390871302162031
2021-10-29,10.206094924844056
2021-10-30,5.10955443266834
2021-10-31,6.0135985282831035
2021-11-01,5.6122117375100125
2021-11-02,6.424789840794459
2021-11-03,5.373449107911426
2021-11-04,9.43765684926624
2021-11-05,3.9963617509259324
2021-11-06,8.373727859382365
2021-11-07,9.394811879293853
2021-11-08,7.373158332787025
2021-11-09,12.837877184271331
2021-11-10,8.589085485079705
2021-11-11,10.370284153517712
2021-11-12,10.835693934986512
2021-11-13,4.410130467696835
2021-11-14,11.735561468702311
2021-11-15,9.233427583062104
2021-11-16,6.769425290241756
2021-11-17,2.7122997011958585
2021-11-18,8.401111789217486
2021-11-19,6.753340953121265
2021-11-20,8.087958129680278
2021-11-21,6.750770115391292
2021-11-22,10.83244104684267
2021-11-23,10.288970458889825
2021-11-24,14.389997765580253
2021-11-25,12.548721107756533
2021-11-26,11.325497617987038
2021-11-27,3.7038919413628655
2021-11-28,2.4348080747217473
2021-11-29,10.739012004928927
2021-11-30,12.81472434044582
2021-12-01,7.405274951978165
2021-12-02,7.430708604180955
2021-12-03,9.551876879320691
2021-12-04,9.632501381748805
2021-12-05,12.363696220227077
2021-12-06,12.215296462227078
2021-12-07,8.050204684036977
2021-12-08,11.096499156392559
2021-12-09,9.413338517010782
2021-12-10,8.80778903664897
2021-12-11,17.256131048159773
2021-12-12,13.347869058001038
2021-12-13,10.901529882357599
2021-12-14,9.302991970384433
2021-12-15,17.712178026043105
2021-12-16,10.778965467518896
2021-12-17,13.64541573084603
2021-12-18,11.926328670385608
2021-12-19,11.57011569369223
2021-12-20,9.008265544421807
2021-12-21,13.927949623080151
2021-12-22,12.03975610028682
2021-12-23,13.147606029863473
2021-12-24,12.969377559851774
2021-12-25,17.67853249919422
2021-12-26,19.20075408098981
2021-12-27,17.365100597370628
2021-12-28,13.504592016142954
2021-12-29,17.586103304354246
2021-12-30,19.19281718482309
2021-12-31,11.257623168310447
2022-01-01,17.278085715510947
2022-01-02,14.609647782530422
2022-01-03,16.771733673933113
2022-01-04,15.490150099964215
2022-01-05,17.109365097816234
2022-01-06,20.746701568949476
2022-01-07,16.389479658534484
2022-01-08,18.884606628206534
2022-01-09,12.185462730248389
2022-01-10,21.55285935948342
2022-01-11,20.701074020896964
2022-01-12,12.005861007382354
2022-01-13,16.909488722233885
2022-01-14,17.893463035731436
2022-01-15,21.585354175197256
2022-01-16,19.917255437630985
2022-01-17,16.198166250549264
2022-01-18,17.297736816747786
2022-01-19,17.328034784229757
2022-01-20,16.024814767342985
2022-01-21,21.647206872112413
2022-01-22,19.06459564787951
2022-01-23,23.540779426227342
2022-01-24,19.837355476118066
2022-01-25,18.712657579548953
2022-01-26,21.31356071603535
2022-01-27,17.7587818968439
2022-01-28,20.507140443005376
2022-01-29,20.37116791705681
2022-01-30,21.95370528898069
2022-01-31,24.255549639794797
2022-02-01,18.955365094178102
2022-02-02,25.953885407293477
2022-02-03,24.052958527850755
2022-02-04,20.314851201020637
2022-02-05,20.7262344117518
2022-02-06,17.984813481828418
2022-02-07,27.24165405145194
2022-02-08,20.879360788163847
2022-02-09,26.099006329523107
2022-02-10,20.18638318032394
2022-02-11,24.108761181638414
2022-02-12,23.79329145668577
2022-02-13,25.106527835656756
2022-02-14,14.097300941978133
2022-02-15,24.087496008654842
2022-02-16,24.440638283022828
2022-02-17,23.159109187692398
2022-02-18,24.44489944115153
2022-02-19,22.60289450736558
2022-02-20,23.557239211907614
2022-02-21,25.458233912681102
2022-02-22,24.359934622828842
2022-02-23,21.499029523183374
2022-02-24,25.977913430069247
2022-02-25,25.3391323559007
2022-02-26,28.889167299366935
2022-02-27,24.208596883867585
2022-02-28,28.08744027182792
2022-03-01,25.492008027469836
2022-03-02,23.884481741851264
2022-03-03,22.29093247889037
2022-03-04,21.134925139118153
2022-03-05,22.348743944814206
2022-03-06,21.63371049630816
2022-03-07,28.34394903233084
2022-03-08,24.810800807680128
2022-03-09,26.20162586485746
2022-03-10,26.811207487109414
2022-03-11,28.33976332637697
2022-03-12,23.43095507475597
2022-03-13,29.781519353805432
2022-03-14,30.062531156905187
2022-03-15,22.390389451832345
2022-03-16,28.900410990715226
2022-03-17,23.49184794872316
2022-03-18,23.240727069733254
2022-03-19,27.80803164684168
2022-03-20,24.886261396527868
2022-03-21,22.539102257641645
2022-03-22,25.2833944097259
2022-03-23,29.0070941261415
2022-03-24,29.997549174090715
2022-03-25,25.77536170623907
2022-03-26,26.24679349927566
2022-03-27,25.17938033137718
2022-03-28,26.561064354657432
2022-03-29,28.84255235145745
2022-03-30,24.42571576460869
2022-03-31,25.034858164129275
2022-04-01,24.548494484468687
2022-04-02,24.17005916926295
2022-04-03,22.406196377012424
2022-04-04,25.48922931193069
2022-04-05,27.79161743448773
2022-04-06,25.547397190233184
2022-04-07,24.35511840797263
2022-04-08,28.299785737857125
2022-04-09,30.107091380403276
2022-04-10,32.27513302480391
2022-04-11,27.080275392446197
2022-04-12,22.827216856248192
2022-04-13,28.77507981120825
2022-04-14,30.52512541275435
2022-04-15,31.78364396586798
2022-04-16,31.61798477657628
2022-04-17,22.794275532375792
2022-04-18,21.708984286293592
2022-04-19,26.473366339622977
2022-04-20,19.074475409106483
2022-04-21,25.739033351682608
2022-04-22,28.221935445984194
2022-04-23,29.3620996822254
2022-04-24,26.100226065955884
2022-04-25,25.379687480271226
2022-04-26,25.57751317009796
2022-04-27,26.890527736404092
2022-04-28,20.303550311495975
2022-04-29,26.373749038296214
2022-04-30,25.367239284301878
2022-05-01,24.864899579650668
2022-05-02,22.472045566659382
2022-05-03,25.485415620226895
2022-05-04,25.123893318588564
2022-05-05,24.72846688463392
2022-05-06,23.156128908638607
2022-05-07,22.020335656249213
2022-05-08,21.356704983208566
2022-05-09,23.000821926634426
2022-05-10,20.243326168137823
2022-05-11,26.867076649771956
2022-05-12,13.771755970727106
2022-05-13,18.852071828461373
2022-05-14,27.001155771234288
2022-05-15,24.35826090967839
2022-05-16,21.9920034152308
2022-05-17,18.29064034218278
2022-05-18,23.91035762068281
2022-05-19,21.701128130096706
2022-05-20,22.709138948685403
2022-05-21,24.361242670762394
2022-05-22,17.420605183062694
2022-05-23,24.053261083298164
2022-05-24,20.537310630938542
2022-05-25,23.36596661386947
2022-05-26,18.9920935799695
2022-05-27,24.030986912337227
2022-05-28,16.935840311663668
2022-05-29,19.096496060064215
2022-05-30,15.79207691060205
2022-05-31,24.40940698857574
2022-06-01,17.585850331068702
2022-06-02,21.70266182894554
2022-06-03,20.575503597387467
2022-06-04,23.49589109419247
2022-06-05,22.88353439428094
2022-06-06,22.87922144489124
2022-06-07,21.146292689062022
2022-06-08,19.82673678845012
2022-06-09,15.67466987562445
2022-06-10,22.47882841340987
2022-06-11,18.951272105753503
2022-06-12,21.719699387178874
2022-06-13,16.017058601311547
2022-06-14,19.88191742184011
2022-06-15,16.3172352152229
2022-06-16,17.01559094889597
2022-06-17,13.593384708570934
2022-06-18,18.08252031656359
2022-06-19,20.126163676044328
2022-06-20,22.37353178693021
2022-06-21,18.90642307545175
2022-06-22,15.335174740244792
2022-06-23,20.338298185741106
2022-06-24,16.637356235186427
2022-06-25,13.38769402256004
2022-06-26,14.096627423328794
2022-06-27,16.342685065659364
2022-06-28,14.049041009957218
2022-06-29,15.61550913222057
2022-06-30,16.18819639646146
2022-07-01,14.693458369271788
2022-07-02,20.19286406669754
2022-07-03,12.642843493970636
2022-07-04,13.80132480635306
2022-07-05,10.046961920075
2022-07-06,8.685821548972408
2022-07-07,12.262746419893993
2022-07-08,13.455712968031902
2022-07-09,14.751062928042435
2022-07-10,16.02650006381364
2022-07-11,13.117342354960565
2022-07-12,16.438583993062743
2022-07-13,11.60378156386216
2022-07-14,10.39531592534789
2022-07-15,16.217781146166594
2022-07-16,15.764817025031288
2022-07-17,15.894397410433164
2022-07-18,20.218786327659565
2022-07-19,13.959387020444348
2022-07-20,13.606246957206247
2022-07-21,15.029553199385024
2022-07-22,7.238100286660753
2022-07-23,16.359702687056703
2022-07-24,13.67488840032464
2022-07-25,20.07414824713579
2022-07-26,11.118277905870453
2022-07-27,11.129890271107657
2022-07-28,12.50996322127569
2022-07-29,6.555285444244883
2022-07-30,15.869803540218566
2022-07-31,10.943690068352856
2022-08-01,10.497285229550254
2022-08-02,10.073451318037344
2022-08-03,7.6633838464365
2022-08-04,9.64411079292005
2022-08-05,14.334006362459942
2022-08-06,10.856504117185395
2022-08-07,10.285192162911017
2022-08-08,10.026036622915175
2022-08-09,8.581021630969758
2022-08-10,11.865714178257123
2022-08-11,10.52065167909875
2022-08-12,6.20506884996474
2022-08-13,8.628015529130225
2022-08-14,7.858531938280647
2022-08-15,5.59183152312528
2022-08-16,9.424209494543353
2022-08-17,10.358332887753575
2022-08-18,6.716696957878222
2022-08-19,4.052487518578488
2022-08-20,2.19283086019617
2022-08-21,10.342460276987532
2022-08-22,14.202655404874093
2022-08-23,11.875110855240948
2022-08-24,11.890342410647989
2022-08-25,7.899793671406274
2022-08-26,11.714010032831066
2022-08-27,8.140538794025113
2022-08-28,7.956301761671755
2022-08-29,11.073253003175427
2022-08-30,10.149411276331353
2022-08-31,9.442040261971012
2022-09-01,3.553872521187979
2022-09-02,4.574361546436303
2022-09-03,5.482260822210197
2022-09-04,7.52685889194841
2022-09-05,7.12216271737156
2022-09-06,7.707981989291765
2022-09-07,5.585936854693701
2022-09-08,8.93024372146992
2022-09-09,6.1424703854970195
2022-09-10,3.1133273655992966
2022-09-11,3.918230633877507
2022-09-12,4.829906376698515
2022-09-13,8.998545841945152
2022-09-14,8.438983226133585
2022-09-15,6.770881276049443
2022-09-16,10.87838269640622
2022-09-17,8.925581130438172
2022-09-18,11.359445115317957
2022-09-19,4.9933829062318935
2022-09-20,5.1566200453455275
2022-09-21,3.1680980721375445
2022-09-22,10.98738602580521
2022-09-23,5.072149646004272
2022-09-24,10.322620019091012
2022-09-25,3.6800719850903887
2022-09-26,3.7849172171784042
2022-09-27,3.9915695360292434
2022-09-28,10.89669750330377
2022-09-29,9.261372273538678
2022-09-30,7.223004915466074
2022-10-01,6.857550249389083
2022-10-02,7.61366300075713
2022-10-03,4.540629848698712
2022-10-04,9.709124708898877
2022-10-05,4.647842572644575
2022-10-06,1.65932540174526
2022-10-07,10.181510980833485
2022-10-08,13.831048547508093
2022-10-09,9.322627764815762
2022-10-10,7.745321865255155
2022-10-11,8.29914248261274
2022-10-12,6.0406799375136035
2022-10-13,4.378853922166488
2022-10-14,11.095194122885758
2022-10-15,5.943963676490428
2022-10-16,5.189713482536479
2022-10-17,6.009064929491743
2022-10-18,6.5267672299431805
2022-10-19,8.516837933763753
2022-10-20,10.175888616168109
2022-10-21,5.1058365033557855
2022-10-22,1.471673621763813
2022-10-23,3.0782976505206063
2022-10-24,7.8771624778313925
2022-10-25,9.434198921425095
2022-10-26,9.016308764540119
2022-10-27,8.658210000610781
2022-10-28,0.7204292706512891
2022-10-29,7.461395540919831
2022-10-30,1.7600853586631677
2022-10-31,5.563631916159624
2022-11-01,2.694582034028773
2022-11-02,11.350631455794709
2022-11-03,8.215693941593747
2022-11-04,5.229825943026102
2022-11-05,10.326103570989277
2022-11-06,6.575245227838574
2022-11-07,11.2556998382179
2022-11-08,9.132016843155426
2022-11-09,8.370986087905095
2022-11-10,6.808701345427306
2022-11-11,15.320695793161958
2022-11-12,10.530027332246611
2022-11-13,2.0592644059355534
2022-11-14,11.870506282475912
2022-11-15,4.673663669770753
2022-11-16,12.425852960464455
2022-11-17,9.42501924762897
2022-11-18,8.918861573767062
2022-11-19,7.79864534429144
2022-11-20,7.938169661147077
2022-11-21,10.462234635687086
2022-11-22,10.387721900113666
2022-11-23,10.234456399653851
2022-11-24,9.64777037090333
2022-11-25,8.656638798553079
2022-11-26,12.59024834115504
2022-11-27,9.53680732244648
2022-11-28,12.32349641555615
2022-11-29,15.407277535078673
2022-11-30,12.247325583719702
2022-12-01,13.838471244934096
2022-12-02,10.164092946482977
2022-12-03,10.558150341842852
2022-12-04,13.58915200275847
2022-12-05,9.761685270987716
2022-12-06,15.071885012237404
2022-12-07,18.54923600703873
2022-12-08,11.719654590904009
2022-12-09,13.392480740109068
2022-12-10,12.217403431160927
2022-12-11,10.842289625618859
2022-12-12,13.921035826924157
2022-12-13,14.566046907800605
2022-12-14,13.160263673011737
2022-12-15,20.162613882783333
2022-12-16,15.860144217106152
2022-12-17,14.596390906578987
2022-12-18,13.913934720448623
2022-12-19,14.349761739104924
2022-12-20,15.534360767552675
2022-12-21,14.220564686263407
2022-12-22,13.837107084825796
2022-12-23,9.939880937897254
2022-12-24,10.842997090021925
2022-12-25,15.739197407176578
2022-12-26,24.242588824134764
2022-12-27,14.986908692234959
2022-12-28,17.36780990098374
2022-12-29,13.522385647810744
2022-12-30,15.660867207782134
2022-12-31,19.20351070479944
2023-01-01,18.537571347583956
2023-01-02,11.658364409760585
2023-01-03,20.685927765920027
2023-01-04,16.050160131804578
2023-01-05,11.01108317913598
2023-01-06,18.346628708603255
2023-01-07,17.64375115871957
2023-01-08,16.467561521455238
2023-01-09,19.410040367762598
2023-01-10,21.17667355178028
2023-01-11,22.54246017423714
2023-01-12,18.999141642527604
2023-01-13,16.9634213309221
2023-01-14,17.267346965852802
2023-01-15,16.026602646460226
2023-01-16,16.164721022507333
2023-01-17,23.17149000455276
2023-01-18,17.25841522439208
2023-01-19,22.847352634099828
2023-01-20,20.92425937315451
2023-01-21,19.668808322945203
2023-01-22,18.990723896831174
2023-01-23,17.173429257389834
2023-01-24,20.170800464388982
2023-01-25,17.130747384640845
2023-01-26,21.782917485148985
2023-01-27,18.42030228521465
2023-01-28,23.777493406670196
2023-01-29,16.313123957711483
2023-01-30,17.25015532554722
2023-01-31,20.44724536646579
2023-02-01,24.53470696361166
2023-02-02,20.114604226430217
2023-02-03,20.678558624246364
2023-02-04,18.192837746921697
2023-02-05,21.934570399727615
2023-02-06,22.781423312368023
2023-02-07,28.1496879101869
2023-02-08,25.82533195013073
2023-02-09,25.70419977714276
2023-02-10,18.794987428252067
2023-02-11,22.9894763896095
2023-02-12,25.096689964530594
2023-02-13,21.274675281446687
2023-02-14,20.545463034451988
2023-02-15,25.320405852819647
2023-02-16,22.204759985035516
2023-02-17,22.90566629295052
2023-02-18,25.943824067542806
2023-02-19,17.170929826625915
2023-02-20,19.56483611691585
2023-02-21,23.028226992599325
2023-02-22,23.854553471131798
2023-02-23,29.962632881891775
2023-02-24,27.735888495610723
2023-02-25,24.631281343461012
2023-02-26,29.574824543773822
2023-02-27,23.416397675224278
2023-02-28,25.79456773237712
2023-03-01,26.51336943071989
2023-03-02,28.624930669882172
2023-03-03,23.27585585096142
2023-03-04,21.056315846090726
2023-03-05,31.000242085207038
2023-03-06,27.6183924776359
2023-03-07,28.880227697181127
2023-03-08,25.424936577348557
2023-03-09,19.850036892703017
2023-03-10,19.407056909708324
2023-03-11,20.071085894974352
2023-03-12,27.24344059378725
2023-03-13,22.608662771213602
2023-03-14,25.25272984600598
2023-03-15,18.397034664086185
2023-03-16,22.815492083490234
2023-03-17,29.204863064675642
2023-03-18,23.36303402945853
2023-03-19,22.49178260779935
2023-03-20,27.870117689832274
2023-03-21,24.217319048098496
2023-03-22,25.608310412363664
2023-03-23,25.691688356391747
2023-03-24,26.59838163375035
2023-03-25,30.414471570618254
2023-03-26,20.631091678751414
2023-03-27,28.256688457166877
2023-03-28,23.600152394652994
2023-03-29,26.66237920300079
2023-03-30,24.47967865867309
2023-03-31,26.289844945942804
2023-04-01,23.421183602834486
2023-04-02,24.857020926783353
2023-04-03,28.423668422269646
2023-04-04,26.796241726455577
2023-04-05,29.214410203462904
2023-04-06,26.209877376136273
2023-04-07,27.61862483109708
2023-04-08,29.38407746037768
2023-04-09,30.243158807098837
2023-04-10,24.419832721173712
2023-04-11,23.68289237303359
2023-04-12,26.592825157935675
2023-04-13,25.95783693188691
2023-04-14,30.570335324988612
2023-04-15,27.192886650216582
2023-04-16,18.759547770423044
2023-04-17,26.423297836470905
2023-04-18,25.554795377387762
2023-04-19,31.350766961001987
2023-04-20,21.458302334605154
2023-04-21,25.811030619366214
2023-04-22,26.529265666858134
2023-04-23,26.43951089444812
2023-04-24,27.453563348951032
2023-04-25,18.382011215656092
2023-04-26,28.070207264663388
2023-04-27,26.56660750388243
2023-04-28,26.623923254698934
2023-04-29,18.747004339834454
2023-04-30,24.47890431100118
2023-05-01,20.0605453492351
2023-05-02,28.36358312079666
2023-05-03,24.56196298006453
2023-05-04,24.28058532732076
2023-05-05,28.24417700704718
2023-05-06,24.586161808491646
2023-05-07,22.542923069159748
2023-05-08,23.188205082703057
2023-05-09,22.782555737359512
2023-05-10,25.2049094333425
2023-05-11,25.963269587677512
2023-05-12,25.75182389565587
2023-05-13,28.444322213054807
2023-05-14,27.559307709670826
2023-05-15,27.254192964809235
2023-05-16,28.442203692423867
2023-05-17,26.593255629874136
2023-05-18,21.522166433998798
2023-05-19,26.055986230722887
2023-05-20,25.543205658956957
2023-05-21,18.896817055830425
2023-05-22,22.8662556996741
2023-05-23,24.089778316552138
2023-05-24,23.796161368135277
2023-05-25,27.217541223998303
2023-05-26,23.996569353183013
2023-05-27,25.15397208171945
2023-05-28,19.211377686212476
2023-05-29,26.759238035081495
2023-05-30,24.019736178883083
2023-05-31,26.610203575731475
2023-06-01,25.2792041109814
2023-06-02,23.381953714514214
2023-06-03,19.80765521316528
2023-06-04,20.754788871922514
2023-06-05,22.04218302188012
2023-06-06,19.183724729976554
2023-06-07,17.121946458614325
2023-06-08,13.260904855801574
2023-06-09,15.101785410181295
2023-06-10,22.279494163127822
2023-06-11,20.8235588189965
2023-06-12,19.23236638904895
2023-06-13,19.340483998565894
2023-06-14,21.29682129748334
2023-06-15,21.003746806152314
2023-06-16,22.986707392288054
2023-06-17,18.859637778894054
2023-06-18,11.266111167936998
2023-06-19,17.738139947539644
2023-06-20,20.5173567732642
2023-06-21,27.408773969899443
2023-06-22,22.377982409235095
2023-06-23,19.722647539763877
2023-06-24,20.739540810667872
2023-06-25,16.19478953928688
2023-06-26,13.771362905768758
2023-06-27,14.078181860313151
2023-06-28,19.903628756895284
2023-06-29,11.890439153724753
2023-06-30,19.379187061958014
2023-07-01,19.649806595272373
2023-07-02,20.90692970542985
2023-07-03,14.989502226691227
2023-07-04,19.008028873222123
2023-07-05,19.934160061686796
2023-07-06,15.650262703363971
2023-07-07,13.291966777183589
2023-07-08,13.665363708325991
2023-07-09,16.620595580515445
2023-07-10,17.375080825590786
2023-07-11,15.84763668559726
2023-07-12,19.968796899801493
2023-07-13,9.205145292402062
2023-07-14,8.775356455261331
2023-07-15,12.999304730011046
2023-07-16,13.5399095652455
2023-07-17,14.86971036742602
2023-07-18,11.168899684225503
2023-07-19,18.23913986437162
2023-07-20,13.526740294324412
2023-07-21,12.91445598831761
2023-07-22,19.315004547630714
2023-07-23,20.827380730164506
2023-07-24,11.53384276433978
2023-07-25,9.987021476736516
2023-07-26,12.07079271413519
2023-07-27,12.011097298596885
2023-07-28,10.893293190481518
2023-07-29,14.7947361194895
2023-07-30,14.519197620760131
2023-07-31,9.05974994153333
2023-08-01,9.329893405634238
2023-08-02,9.033622273892949
2023-08-03,11.377845348023044
2023-08-04,8.196416493229375
2023-08-05,7.79718740978429
2023-08-06,15.288587614780127
2023-08-07,10.873881407423532
2023-08-08,14.862471079942853
2023-08-09,13.79562368974352
2023-08-10,11.872918105989413
2023-08-11,11.048850015306739
2023-08-12,10.694728630641604
2023-08-13,7.070897355722437
2023-08-14,13.499767461845305
2023-08-15,7.299524626690627
2023-08-16,13.224063069377012
2023-08-17,10.00013570939636
2023-08-18,8.903828137336825
2023-08-19,12.757559481957234
2023-08-20,12.355851894543513
2023-08-21,8.768325989568673
2023-08-22,8.619261354786804
2023-08-23,6.225895164214638
2023-08-24,12.903311255736568
2023-08-25,9.27042923458529
2023-08-26,11.611770991167283
2023-08-27,8.528378809773736
2023-08-28,7.726880212407407
2023-08-29,8.661247004617415
2023-08-30,7.428010937972371
2023-08-31,3.970696792120105
2023-09-01,7.923915973980977
2023-09-02,5.568536320213985
2023-09-03,3.0075820840304432
2023-09-04,1.7119896114507869
2023-09-05,11.760481515951653
2023-09-06,4.690938087347348
2023-09-07,10.50130570591039
2023-09-08,11.473204661174204
2023-09-09,5.286729132401563
2023-09-10,2.520630579847772
2023-09-11,6.90145389593806
2023-09-12,9.838009342261344
2023-09-13,5.718158075270891
2023-09-14,10.178217645998497
2023-09-15,6.027596950544694
2023-09-16,6.608137265835207
2023-09-17,5.026027085075585
2023-09-18,8.08259175278109
2023-09-19,8.262455364596901
2023-09-20,8.953570969840335
2023-09-21,1.3866932887591927
2023-09-22,7.070987347753406
2023-09-23,5.026911879631133
2023-09-24,3.100113927970154
2023-09-25,9.097462872591457
2023-09-26,7.422087594381736
2023-09-27,0.32101157350227183
2023-09-28,5.744828317717419
2023-09-29,6.153335066631639
2023-09-30,2.1259618065285126
2023-10-01,9.66184486002424
2023-10-02,5.688446304703994
2023-10-03,8.591189288681901
2023-10-04,11.352569648823543
2023-10-05,7.491531627717391
2023-10-06,6.772238901765886
2023-10-07,10.545591107504396
2023-10-08,7.647866525958504
2023-10-09,6.262672545624713
2023-10-10,6.368799211871857
2023-10-11,4.1812450839313335
2023-10-12,2.907025329603906
2023-10-13,7.017683264256244
2023-10-14,8.7675763974624
2023-10-15,2.459027730790992
2023-10-16,10.41476279267095
2023-10-17,10.140219806577248
2023-10-18,8.779002468814099
2023-10-19,6.062492846142444
2023-10-20,7.928733851363937
2023-10-21,10.265375412568186
2023-10-22,3.2871527914656715
2023-10-23,3.125667986374083
2023-10-24,8.926886609094637
2023-10-25,0.4931221072484302
2023-10-26,3.4455236068532047
2023-10-27,9.488372039186821
2023-10-28,11.76508449017874
2023-10-29,6.105971410958357
2023-10-30,5.058457572309073
2023-10-31,11.577999254917241
2023-11-01,10.749285836730268
2023-11-02,10.959052786503793
2023-11-03,10.19478556316883
2023-11-04,6.47898324696091
2023-11-05,9.010235291087538
2023-11-06,9.879816792203798
2023-11-07,7.5441659342001275
2023-11-08,12.065251262770733
2023-11-09,12.3584433282739
2023-11-10,9.25101771800203
2023-11-11,13.07102822665668
2023-11-12,6.761038207398235
2023-11-13,7.247804829436296
2023-11-14,12.20939532024331
2023-11-15,11.813619771919772
2023-11-16,11.074637487941448
2023-11-17,10.187977143790826
2023-11-18,13.892134699448148
2023-11-19,6.672945616068517
2023-11-20,10.85723040148648
2023-11-21,15.170247308712753
2023-11-22,11.266081227404072
2023-11-23,8.035098729110533
2023-11-24,14.323590945629459
2023-11-25,11.641252514060167
2023-11-26,12.008437419048999
2023-11-27,9.398022432800074
2023-11-28,12.319409144741998
2023-11-29,9.053097496131864
2023-11-30,13.366141407789426
2023-12-01,7.106502398813585
2023-12-02,9.661200077645747
2023-12-03,13.013032308015731
2023-12-04,18.067453837848728
2023-12-05,15.87291817289559
2023-12-06,17.62777874222368
2023-12-07,12.97228570967326
2023-12-08,8.829357910410707
2023-12-09,16.41223178416221
2023-12-10,12.362642475794086
2023-12-11,9.057403850801064
2023-12-12,15.39219528095037
2023-12-13,17.11119653592142
2023-12-14,14.438176004076201
2023-12-15,10.334409520753653
2023-12-16,12.715267582011114
2023-12-17,14.106158543896441
2023-12-18,15.264743494531265
2023-12-19,14.755605363490092
2023-12-20,13.410767837248885
2023-12-21,15.825552923687045
2023-12-22,14.517554777538908
2023-12-23,10.955497535270876
2023-12-24,19.292854826836184
2023-12-25,20.867258168387956
2023-12-26,16.484932271100654
2023-12-27,12.089908533979123
2023-12-28,11.681209761738755
2023-12-29,15.83531444153334
2023-12-30,13.802618749125845
2023-12-31,14.184980513855177
2024-01-01,13.956796891454271
2024-01-02,13.799403091108873
2024-01-03,20.60991411195814
2024-01-04,18.10056944065479
2024-01-05,17.760437611697032
2024-01-06,17.760137111474997
2024-01-07,15.826847906915063
2024-01-08,21.001189230345354
2024-01-09,15.044046730597167
2024-01-10,20.755364877508214
2024-01-11,21.390608607593435
2024-01-12,16.540404482449482
2024-01-13,14.236836596735278
2024-01-14,18.154199024767316
2024-01-15,16.457325495358752
2024-01-16,22.038656862881282
2024-01-17,19.031544843674475
2024-01-18,17.160672343907457
2024-01-19,18.581527441051367
2024-01-20,17.96051010954213
2024-01-21,18.379878660268226
2024-01-22,25.420978216653253
2024-01-23,18.798156817538413
2024-01-24,17.99541153686974
2024-01-25,19.81346444241972
2024-01-26,22.07703364113587
2024-01-27,24.427520945789627
2024-01-28,17.996229016309933
2024-01-29,22.73355589895308
2024-01-30,20.614371319779682
2024-01-31,18.82102481209777
2024-02-01,22.36877198153819
2024-02-02,23.796213512079106
2024-02-03,22.584897893360832
2024-02-04,20.19120226803507
2024-02-05,26.172623455037915
2024-02-06,15.291022593937821
2024-02-07,21.54356905148303
2024-02-08,21.256340645875603
2024-02-09,24.185148906502448
2024-02-10,23.107655315837917
2024-02-11,23.513329497389456
2024-02-12,22.016237930256906
2024-02-13,23.446131037259622
2024-02-14,24.637124223495285
2024-02-15,25.28830861638601
2024-02-16,22.988375313247225
2024-02-17,25.244535834506244
2024-02-18,24.753118422671342
2024-02-19,20.666773291674485
2024-02-20,24.90531852147898
2024-02-21,29.22568876169082
2024-02-22,28.24118139012351
2024-02-23,30.100078258007958
2024-02-24,22.622246280159516
2024-02-25,25.530495248590682
2024-02-26,21.93661150389694
2024-02-27,27.875495095146807
2024-02-28,27.236334458187002
2024-02-29,25.182059406810453
2024-03-01,27.77534522044977
2024-03-02,26.140600421141464
2024-03-03,27.634813002377918
2024-03-04,23.864345410403043
2024-03-05,22.854500732200265
2024-03-06,25.263891203980894
2024-03-07,27.134240849945254
2024-03-08,28.623812818605018
2024-03-09,27.357125479271662
2024-03-10,27.825613406241178
2024-03-11,32.62648585778513
2024-03-12,26.12423153896084
2024-03-13,25.762924270195015
2024-03-14,26.782043362242
2024-03-15,22.76657166855862
2024-03-16,26.16713138145001
2024-03-17,22.38496898425311
2024-03-18,28.926218209280826
2024-03-19,23.132313337625753
2024-03-20,29.97580523665734
2024-03-21,30.27690075606183
2024-03-22,26.4973924831445
2024-03-23,28.295769212251443
2024-03-24,31.58324991084767
2024-03-25,21.32226543384096
2024-03-26,25.168176749973775
2024-03-27,32.69989579812798
2024-03-28,29.445000095268245
2024-03-29,26.16892412609025
2024-03-30,27.41955449763127
2024-03-31,20.251023206266943
2024-04-01,25.611721126360084
2024-04-02,29.401651516491818
2024-04-03,25.980451820119963
2024-04-04,22.304744325044066
2024-04-05,23.076868506866035
2024-04-06,29.869141850629575
2024-04-07,26.68791711502512
2024-04-08,28.341256095730234
2024-04-09,26.37092197144903
2024-04-10,29.071628114935066
2024-04-11,21.84225437665374
2024-04-12,24.791754021367318
2024-04-13,22.59878669935253
2024-04-14,27.965489986288606
2024-04-15,19.14052226634608
2024-04-16,23.65425286146924
2024-04-17,24.83512783678924
2024-04-18,30.50508249564991
2024-04-19,21.458120709419624
2024-04-20,28.842404101320408
2024-04-21,31.393138194689357
2024-04-22,26.254727098560874
2024-04-23,21.63829552105893
2024-04-24,29.597753214811924
2024-04-25,30.023699290423345
2024-04-26,22.81356698134477
2024-04-27,22.43621059460486
2024-04-28,23.84275515185206
2024-04-29,28.706669058319555
2024-04-30,25.71833028895907
2024-05-01,26.876386742700756
2024-05-02,25.84777954042474
2024-05-03,26.242338755296245
2024-05-04,28.886801262043562
2024-05-05,24.255011499385727
2024-05-06,27.1083309477122
2024-05-07,26.172817202022912
2024-05-08,20.364569639341653
2024-05-09,25.280669919104756
2024-05-10,20.890417828555886
2024-05-11,19.182232890654777
2024-05-12,21.158438417353967
2024-05-13,25.117538561630425
2024-05-14,21.49210948561742
2024-05-15,19.529275343461954
2024-05-16,28.304411425552107
2024-05-17,21.05516679147763
2024-05-18,25.066769052425123
2024-05-19,20.03712015554543
2024-05-20,23.820978788149354
2024-05-21,24.265168246173275
2024-05-22,19.02575665020897
2024-05-23,24.416301261623172
2024-05-24,28.29046760899613
2024-05-25,21.685785565401
2024-05-26,25.262845868380683
2024-05-27,21.05580928712621
2024-05-28,20.057537800846596
2024-05-29,23.074364210978793
2024-05-30,21.16059556924118
2024-05-31,21.071741057814684
2024-06-01,19.174144851574916
2024-06-02,22.37116415387094
2024-06-03,21.12070596900404
2024-06-04,27.501642881726255
2024-06-05,20.329307294939017
2024-06-06,22.70053789047015
2024-06-07,23.0291029084636
2024-06-08,17.861729573716225
2024-06-09,23.557567358858357
2024-06-10,20.956108592000145
2024-06-11,16.372064066000178
2024-06-12,22.7782971824136
2024-06-13,21.260506569790703
2024-06-14,16.49623263850845
2024-06-15,16.016747675409892
2024-06-16,22.828725796137036
2024-06-17,13.843346836322501
2024-06-18,20.193856614590295
2024-06-19,18.958506644231853
2024-06-20,20.33963420720466
2024-06-21,21.988066412093048
2024-06-22,19.957626100270712
2024-06-23,19.93015763229329
2024-06-24,16.018547706010118
2024-06-25,14.538263576928664
2024-06-26,25.56537680509529
2024-06-27,17.269413613502184
2024-06-28,23.287256175783924
2024-06-29,18.99251888720588
2024-06-30,14.887476571428792
2024-07-01,13.10775725506072
2024-07-02,13.56599612124593
2024-07-03,19.115524253915492
2024-07-04,16.42128973753175
2024-07-05,17.326696437871725
2024-07-06,18.285023765882407
2024-07-07,17.000130121050056
2024-07-08,16.978126036595626
2024-07-09,15.453293174794787
2024-07-10,16.373589948626282
2024-07-11,17.348794939946472
2024-07-12,14.144015338998916
2024-07-13,14.16195508867742
2024-07-14,11.874249513963775
2024-07-15,8.752006414806463
2024-07-16,15.642987593317157
2024-07-17,15.971673405155988
2024-07-18,16.235646365504955
2024-07-19,15.725240670350374
2024-07-20,14.347943877163358
2024-07-21,14.953757821234875
2024-07-22,14.354230072455149
2024-07-23,14.284340704213077
2024-07-24,11.486615417032391
2024-07-25,17.601474172218335
2024-07-26,12.088798148426104
2024-07-27,15.956383365046104
2024-07-28,16.928568416654773
2024-07-29,13.783548838310697
2024-07-30,14.933862513464389
2024-07-31,14.958103468152087
2024-08-01,11.17331784296796
2024-08-02,12.151471676973726
2024-08-03,11.074908065951366
2024-08-04,11.499900810761735
2024-08-05,8.697376980161437
2024-08-06,11.853789308639994
2024-08-07,14.356614378471933
2024-08-08,9.751905376534445
2024-08-09,6.368392889347096
2024-08-10,9.10726289164894
2024-08-11,10.720029887394992
2024-08-12,11.651053205071864
2024-08-13,7.962716307176319
2024-08-14,12.619140788940154
2024-08-15,11.90770556496436
2024-08-16,4.2245659121615935
2024-08-17,8.499358253942363
2024-08-18,7.166092386155039
2024-08-19,9.595153203460601
2024-08-20,11.329865870921283
2024-08-21,11.202215442909988
2024-08-22,6.837346593257813
2024-08-23,3.4395413227335148
2024-08-24,7.172101318745429
2024-08-25,8.016103179765734
2024-08-26,11.503665372337643
2024-08-27,4.294136554369076
2024-08-28,7.485370626373481
2024-08-29,6.309745577560659
2024-08-30,5.351489110865517
2024-08-31,3.9628677214036987
2024-09-01,9.31213395004275
2024-09-02,5.706854235371854
2024-09-03,4.454013599547666
2024-09-04,4.906220324725426
2024-09-05,10.125148240492747
2024-09-06,7.637204450570305
2024-09-07,4.200840697166954
2024-09-08,5.114468855927495
2024-09-09,7.07332878629373
2024-09-10,8.850761944191948
2024-09-11,4.678846606966215
2024-09-12,4.103871982221806
2024-09-13,7.670027462442286
2024-09-14,5.875930233264615
2024-09-15,5.1593779664834845
2024-09-16,6.678561438825637
2024-09-17,-2.470101770077064
2024-09-18,3.5668850040295825
2024-09-19,3.8250811946136967
2024-09-20,7.485627873056343
2024-09-21,5.223835321717809
2024-09-22,0.12795820277381864
2024-09-23,3.4442098865776396
2024-09-24,5.320801738205127
2024-09-25,8.1075828920393
2024-09-26,5.410794643265168
2024-09-27,3.3316142400413256
2024-09-28,9.929678914237744
2024-09-29,10.544366326010511
2024-09-30,8.590136513286978
2024-10-01,10.559464318186976
2024-10-02,6.3411968269310925
2024-10-03,5.4802943900812044
2024-10-04,1.8707128701277957
2024-10-05,13.08127785902625
2024-10-06,9.867491894884907
2024-10-07,9.92630406194494
2024-10-08,2.98975373962805
2024-10-09,8.374401710621953
2024-10-10,6.613368587583705
2024-10-11,4.607646391250034
2024-10-12,10.281017236545743
2024-10-13,8.996616890791824
2024-10-14,6.2371435940018936
2024-10-15,5.966433650333413
2024-10-16,9.775182127000875
2024-10-17,9.90922080855421
2024-10-18,10.970613916548817
2024-10-19,5.600038933781879
2024-10-20,7.812059699379451
2024-10-21,7.306419020338284
2024-10-22,5.49811928577448
2024-10-23,7.6060420257031245
2024-10-24,5.722585605845502
2024-10-25,13.533765314488054
2024-10-26,9.390826901309222
2024-10-27,1.4729773450312909
2024-10-28,5.9869616731131785
2024-10-29,8.642283782540506
2024-10-30,4.694754752542375
2024-10-31,10.58853793864208
2024-11-01,12.111282245031251
2024-11-02,5.861554433856774
2024-11-03,4.053142092636607
2024-11-04,11.072703814823521
2024-11-05,8.056180108417001
2024-11-06,8.638388207542025
2024-11-07,5.59079430692772
2024-11-08,8.885203551584993
2024-11-09,7.159146539370765
2024-11-10,8.246564253987524
2024-11-11,10.509686129903479
2024-11-12,10.160718967530606
2024-11-13,6.618675013491156
2024-11-14,12.44329024171504
2024-11-15,4.253065660422051
2024-11-16,5.6048490853452755
2024-11-17,9.444447918024293
2024-11-18,8.40322427702225
2024-11-19,8.088633474642357
2024-11-20,7.445656258315373
2024-11-21,10.114722817509413
2024-11-22,16.34490042329766
2024-11-23,11.568247343134576
2024-11-24,7.964630597664173
2024-11-25,11.348676764655833
2024-11-26,6.693287687305515
2024-11-27,8.485687918167217
2024-11-28,10.192363628730064
2024-11-29,14.13544056944463
2024-11-30,9.529963185080216
2024-12-01,13.558004966008967
2024-12-02,12.107228441922324
2024-12-03,13.271784238770232
2024-12-04,12.817405164374232
2024-12-05,14.703459736294402
2024-12-06,12.111954823597896
2024-12-07,10.417635592404267
2024-12-08,14.102703321817538
2024-12-09,12.520370707249556
2024-12-10,14.502794913502505
2024-12-11,13.487865979427678
2024-12-12,18.899722003174894
2024-12-13,16.568921067581734
2024-12-14,15.43500081220053
2024-12-15,13.01502311198054
2024-12-16,15.856854580865438
2024-12-17,14.547463674331524
2024-12-18,13.604572171234134
2024-12-19,14.923095697213123
2024-12-20,18.68907883253353
2024-12-21,8.815189705165828
2024-12-22,21.74504709790645
2024-12-23,21.347121693011843
2024-12-24,16.105954119797406
2024-12-25,19.038740368810778
2024-12-26,16.337862937421352
2024-12-27,17.450955998030114
2024-12-28,13.908275073522915
2024-12-29,18.087868964356442
2024-12-30,19.101149338843324
2024-12-31,15.412664199869074
